id, nome, ano, pib,	populacao, lixo_organico, lixo_papel, lixo_metal, lixo_plastico, lixo_vidro, lixo_madeira, lixo_borracha, lixo_entulho,	lixo_medico, outros_lixos, Total_lixo, lixo_reciclado

CREATE DATABASE IF NOT EXISTS db_reciclagem
COLLATE utf8mb4_general_ci
CHARSET utf8mb4;

USE db_reciclagem;

CREATE TABLE IF NOT EXISTS tb_pais (
    Id INT unsigned not null auto_increment,
    nome VARCHAR(50),
    ano INT,
    pib DECIMAL(15, 2),
    populacao BIGINT,
    lixo_organico DECIMAL(15, 2),
    lixo_papel DECIMAL(15, 2),
    lixo_metal DECIMAL(15, 2),
    lixo_plastico DECIMAL(15, 2),
    lixo_vidro DECIMAL(15, 2),
    lixo_madeira DECIMAL(15, 2),
    lixo_borracha DECIMAL(15, 2),
    lixo_entulho DECIMAL(15, 2),
    lixo_medico DECIMAL(15, 2),
    outros_lixos DECIMAL(15, 2),
    total_lixo DECIMAL(15, 2),
    lixo_reciclado DECIMAL(15, 2),
    primary key(id)
);

INSERT INTO tb_pais (nome, ano, pib, populacao, lixo_organico, lixo_papel, lixo_metal, lixo_plastico, 
                lixo_vidro, lixo_madeira, lixo_borracha, lixo_entulho, lixo_medico, 
                outros_lixos, total_lixo, lixo_reciclado)
VALUES 
    ('Brasil', 2023, 2000000000000.00, 214000000, 8000000.50, 1200000.30, 500000.10, 3000000.70, 1500000.45, 200000.25, 100000.10, 250000.55, 50000.75, 700000.65, 15750001.35, 4000000.25),
    ('Estados Unidos', 2023, 23000000000000.00, 331000000, 22000000.00, 3000000.50, 2000000.30, 7000000.20, 5000000.80, 1000000.45, 500000.15, 1000000.00, 150000.90, 2000000.40, 42850001.20, 12000000.10),
    ('China', 2023, 17000000000000.00, 1430000000, 25000000.00, 5000000.00, 3000000.00, 10000000.00, 7000000.50, 1500000.00, 800000.00, 1200000.00, 200000.00, 2500000.00, 60550000.50, 15000000.00),
    ('Índia', 2023, 3300000000000.00, 1390000000, 15000000.00, 2000000.00, 1000000.00, 4000000.00, 2000000.00, 500000.00, 300000.00, 500000.00, 100000.00, 800000.00, 29600000.00, 5000000.00),
    ('Japão', 2023, 5000000000000.00, 125000000, 7000000.00, 1000000.00, 600000.00, 2000000.00, 1500000.00, 300000.00, 200000.00, 400000.00, 75000.00, 600000.00, 13725000.00, 4000000.00),
    ('Alemanha', 2023, 4200000000000.00, 83000000, 5000000.00, 900000.00, 450000.00, 1200000.00, 700000.00, 200000.00, 150000.00, 300000.00, 50000.00, 400000.00, 9425000.00, 3000000.00),
    ('Reino Unido', 2023, 3200000000000.00, 67000000, 4000000.00, 800000.00, 400000.00, 1000000.00, 600000.00, 150000.00, 100000.00, 250000.00, 40000.00, 350000.00, 7550000.00, 2500000.00),
    ('França', 2023, 3000000000000.00, 65000000, 4500000.00, 850000.00, 420000.00, 1100000.00, 650000.00, 170000.00, 120000.00, 270000.00, 45000.00, 360000.00, 8075000.00, 2700000.00),
    ('Canadá', 2023, 2000000000000.00, 38000000, 2000000.00, 500000.00, 300000.00, 700000.00, 400000.00, 100000.00, 70000.00, 150000.00, 25000.00, 180000.00, 4450000.00, 1500000.00),
    ('Austrália', 2023, 1500000000000.00, 26000000, 1800000.00, 450000.00, 250000.00, 600000.00, 350000.00, 80000.00, 60000.00, 140000.00, 22000.00, 150000.00, 4075000.00, 1300000.00);
